<?xml version="1.0" encoding="UTF-8"?>
<configuration>

    <include resource="org/springframework/boot/logging/logback/defaults.xml"/>

    <property name="LOG_FILE_INFO" value="D:/error/info.log}"/>
    <property name="LOG_FILE_ERROR" value="D:/error/error.log}"/>

    <include resource="org/springframework/boot/logging/logback/console-appender.xml"/>

    <appender name="LOG_INFO" class="ch.qos.logback.core.rolling.RollingFileAppender">
        <file>${LOG_FILE_INFO}</file>
        <rollingPolicy class="ch.qos.logback.core.rolling.TimeBasedRollingPolicy">
            <fileNamePattern>${LOG_FILE_INFO}.%d{yyyy-MM-dd}.log</fileNamePattern>
        <maxHistory>30</maxHistory>
        </rollingPolicy>
    <filter class="ch.qos.logback.classic.filter.LevelFilter">
        <level>INFO</level>
        <onMatch>ACCEPT</onMatch>
        <onMismatch>DENY</onMismatch>
    </filter>
        <encoder>
            <pattern>%d{dd-MM-yyyy HH:mm:ss.SSSS}|%-5level|%msg%n</pattern>
        </encoder>
    </appender>

    <appender name="LOG_ERROR" class="ch.qos.logback.core.rolling.RollingFileAppender">
        <file>${LOG_FILE_ERROR}</file>
        <rollingPolicy class="ch.qos.logback.core.rolling.TimeBasedRollingPolicy">
            <fileNamePattern>${LOG_FILE_ERROR}.%d{yyyy-MM-dd}.log</fileNamePattern>
        <maxHistory>30</maxHistory>
        </rollingPolicy>
    <filter class="ch.qos.logback.classic.filter.ThresholdFilter">
        <level>WARN</level>
    </filter>
        <encoder>
            <pattern>%d{dd-MM-yyyy HH:mm:ss.SSSS}|%-5level|%msg%n</pattern>
        </encoder>
    </appender>

    <root level="INFO">
       <appender-ref ref="CONSOLE"/>
    </root>

    <logger name="com.masai" additivity="false" level="ALL">
       <appender-ref ref="CONSOLE"/>
       <appender-ref ref="LOG_INFO"/>
       <appender-ref ref="LOG_ERROR"/>
    </logger>

</configuration>